model,scenario,version,p83 peak warming (MAGICCv7.5.3),p17 year of peak warming (MAGICCv7.5.3),p10 year of peak warming (MAGICCv7.5.3),Exceedance Probability 4.0C (MAGICCv7.5.3),Exceedance Probability 2.5C (MAGICCv7.5.3),Exceedance Probability 3.0C (MAGICCv7.5.3),median peak warming (MAGICCv7.5.3),p10 peak warming (MAGICCv7.5.3),p95 year of peak warming (MAGICCv7.5.3),p83 year of peak warming (MAGICCv7.5.3),p67 year of peak warming (MAGICCv7.5.3),p90 year of peak warming (MAGICCv7.5.3),Exceedance Probability 4.5C (MAGICCv7.5.3),median year of peak warming (MAGICCv7.5.3),p33 peak warming (MAGICCv7.5.3),Exceedance Probability 1.5C (MAGICCv7.5.3),p90 peak warming (MAGICCv7.5.3),p66 year of peak warming (MAGICCv7.5.3),Exceedance Probability 5.0C (MAGICCv7.5.3),p67 peak warming (MAGICCv7.5.3),Exceedance Probability 3.5C (MAGICCv7.5.3),Exceedance Probability 2.0C (MAGICCv7.5.3),p33 year of peak warming (MAGICCv7.5.3),p17 peak warming (MAGICCv7.5.3),p75 year of peak warming (MAGICCv7.5.3),p75 peak warming (MAGICCv7.5.3),p25 year of peak warming (MAGICCv7.5.3),p5 year of peak warming (MAGICCv7.5.3),p95 peak warming (MAGICCv7.5.3),p66 peak warming (MAGICCv7.5.3),p25 peak warming (MAGICCv7.5.3),assessment-tools,p5 peak warming (MAGICCv7.5.3),p90 warming in 2100 (MAGICCv7.5.3),harmonization,p66 warming in 2100 (MAGICCv7.5.3),p75 warming in 2100 (MAGICCv7.5.3),p33 warming in 2100 (MAGICCv7.5.3),workflow,p95 warming in 2100 (MAGICCv7.5.3),climate-models,p17 warming in 2100 (MAGICCv7.5.3),p10 warming in 2100 (MAGICCv7.5.3),median warming in 2100 (MAGICCv7.5.3),p67 warming in 2100 (MAGICCv7.5.3),Category_name,Category,p25 warming in 2100 (MAGICCv7.5.3),p83 warming in 2100 (MAGICCv7.5.3),infilling,p5 warming in 2100 (MAGICCv7.5.3),run_magicc
IMAGE 3.4,SSP5 - Medium Emissions,2,4.641674003320275,2100.0,2100.0,0.45833333333333304,0.996666666666666,0.9366666666666661,3.904651320273214,3.143868852667464,2100.0,2100.0,2100.0,2100.0,0.225,2100.0,3.617568836399351,1.0,5.051290794494521,2100.0,0.11166666666666601,4.239850324281531,0.731666666666666,1.0,2100.0,3.3127916599335,2100.0,4.38370883377099,2100.0,2100.0,5.485471199251248,4.22754706845566,3.481680707366669,"aneris (version: 0.3.1), silicone (version: 1.3.0)",2.932336451937529,,,,,,,,,,,,,,,,,,,
COFFEE 1.5,SSP2 - Low Emissions,1,2.399970433562112,2070.0,2070.0,0.0,0.133333333333333,0.031666666666666,1.96782468196242,1.52039186962613,2100.0,2093.0,2082.0,2094.0,0.0,2081.0,1.801039912108046,0.91,2.660132640870021,2082.0,0.0,2.149121403004656,0.006666666666666,0.481666666666666,2070.0,1.607925383407915,2082.0,2.259932786096522,2070.0,2069.0,2.881018649898288,2.135535368163115,1.721648545262332,,1.420889682927473,2.647830477098778,aneris (version: 0.3.1),2.093393034178756,2.224317737032969,1.72960864931082,climate-assessment (version: 0.1.4a0),2.862006177406741,openscm_runner (version: 0.12.1),1.521363115271799,1.428981480957647,1.908138752170631,2.110349580021053,C4: Below 2°C,C4,1.639097897355836,2.377696193054909,silicone (version: 1.3.0),1.321858709403576,
COFFEE 1.5,SSP2 - Medium Emissions,1,3.014454441818493,2100.0,2100.0,0.013333333333333001,0.48499999999999904,0.17999999999999902,2.478361950683547,1.900711989673133,2100.0,2100.0,2100.0,2100.0,0.003333333333333,2100.0,2.264834184380736,0.9949999999999991,3.298979790066876,2100.0,0.0,2.70436774195172,0.066666666666666,0.8366666666666661,2100.0,2.016554158009356,2100.0,2.820772915483213,2100.0,2100.0,3.636869552499983,2.687913624980684,2.165205696461164,,1.771903293811003,3.298979790066876,aneris (version: 0.3.1),2.687913624980684,2.820772915483213,2.264834184380736,climate-assessment (version: 0.1.4a0),3.636869552499983,openscm_runner (version: 0.12.1),2.016554158009356,1.900711989673133,2.478361950683547,2.70436774195172,C5: Below 2.5°C,C5,2.165205696461164,3.014454441818493,silicone (version: 1.3.0),1.771903293811003,
WITCH 6.0,SSP1 - Very Low Emissions,2,2.028337049466983,2046.0,2036.0,0.0,0.04,0.008333333333333,1.639873444487145,1.268861337172701,2093.0,2070.0,2069.0,2082.0,0.0,2059.0,1.50005056082532,0.67,2.266987145161456,2069.0,0.0,1.791556270891415,0.0016666666666660002,0.18333333333333302,2049.0,1.349573666386111,2070.0,1.897132298651265,2049.0,2029.9999999999998,2.441853122251139,1.782168261897449,1.421198417317721,,1.194073735039089,2.177640432957934,aneris (version: 0.3.1),1.64832062197908,1.783480607669976,1.297652097569087,climate-assessment (version: 0.1.4a0),2.382491177391098,openscm_runner (version: 0.12.1),1.128156708057884,1.00984780845906,1.466078578011474,1.657466962987921,C2: Below 1.5°C with high OS,C2,1.207202531971951,1.918610588436056,silicone (version: 1.3.0),0.9148964982795691,
MESSAGEix-GLOBIOM 2.1-M-R12,SSP1 - Low Emissions,3,2.165010058556548,2049.0,2049.0,0.0,0.073333333333333,0.01,1.799130657603956,1.423810988141529,2084.0,2070.0,2069.0,2082.0,0.0,2059.0,1.657786731988208,0.8366666666666661,2.386999836031868,2069.0,0.0,1.943992111771412,0.0,0.276666666666666,2059.0,1.510825188639848,2069.0,2.024503902721475,2050.0,2049.0,2.580510969827908,1.931331558335072,1.588181372220186,,1.338048426947864,2.302772456926816,aneris (version: 0.3.1),1.768566561648984,1.877114902992004,1.432591174994316,climate-assessment (version: 0.1.4a0),2.532555195108777,openscm_runner (version: 0.12.1),1.263567755475724,1.176101707923882,1.611175232051474,1.779003289299565,C3: Likely below 2°C,C3,1.360189430319749,2.040364672082612,silicone (version: 1.3.0),1.100418083190515,True
MESSAGEix-GLOBIOM 2.1-M-R12,SSP1 - Very Low Emissions,3,1.99669311036885,2045.0,2039.0,0.0,0.011666666666666001,0.0,1.693190298177227,1.355119296610403,2059.0,2049.0,2049.0,2050.0,0.0,2048.0,1.571926969078841,0.7683333333333331,2.177652086977679,2049.0,0.0,1.826786018189856,0.0,0.168333333333333,2048.0,1.438234317666186,2049.0,1.894867479305617,2048.0,2038.0,2.310820751200577,1.81279292019573,1.514051921978027,,1.274907533801892,1.849181524625072,aneris (version: 0.3.1),1.406213229966853,1.49996984051404,1.12727597333464,climate-assessment (version: 0.1.4a0),2.035575426585812,openscm_runner (version: 0.12.1),1.00256090905661,0.930189079600055,1.270567985982441,1.411374245794267,C2: Below 1.5°C with high OS,C2,1.066969738254829,1.631692578466215,silicone (version: 1.3.0),0.8658228926173,True
MESSAGEix-GLOBIOM 2.1-M-R12,SSP2 - Low Emissions,3,2.222679598483277,2058.0,2049.0,0.0,0.08333333333333301,0.01,1.84945663528852,1.456313955138194,2082.0,2070.0,2069.0,2070.0,0.0,2060.0,1.701969469035101,0.8699999999999991,2.452681871984876,2069.0,0.0,1.999921539785139,0.0,0.33,2059.0,1.548640435785477,2069.0,2.081709918109106,2059.0,2049.0,2.63177659680463,1.987944519132794,1.631728654988513,,1.369091738214248,2.360266549518974,aneris (version: 0.3.1),1.822658625862868,1.922440177336484,1.479662873270201,climate-assessment (version: 0.1.4a0),2.574613588454222,openscm_runner (version: 0.12.1),1.32143236634414,1.226983781624598,1.658916730781611,1.833126121983285,C3: Likely below 2°C,C3,1.409626220667008,2.088671254666872,silicone (version: 1.3.0),1.149922922800798,True
MESSAGEix-GLOBIOM 2.1-M-R12,SSP2 - Low Overshoot,3,2.0942526761205,2048.0,2048.0,0.0,0.033333333333333,0.003333333333333,1.772240780032863,1.407753981811282,2060.0,2059.0,2050.0,2059.0,0.0,2049.0,1.63831946701946,0.8316666666666661,2.268400012604296,2050.0,0.0,1.90703316687211,0.0,0.23333333333333303,2049.0,1.501324493493291,2052.0,1.985788390716707,2049.0,2048.0,2.423948023828064,1.895212163166736,1.580653368140525,,1.334144568015068,1.890434503209293,aneris (version: 0.3.1),1.451591761193482,1.546503840878818,1.159966468336687,climate-assessment (version: 0.1.4a0),2.075767240243019,openscm_runner (version: 0.12.1),1.045826390050351,0.9695473305720441,1.314038675522871,1.457338997566383,C2: Below 1.5°C with high OS,C2,1.106340507465721,1.669355438500677,silicone (version: 1.3.0),0.9025739424858931,True
MESSAGEix-GLOBIOM 2.1-M-R12,SSP2 - Medium Emissions,8,3.32934692250662,2100.0,2100.0,0.053333333333333004,0.675,0.318333333333333,2.752493727330477,2.108586217327685,2100.0,2100.0,2100.0,2100.0,0.011666666666666001,2100.0,2.506576581611705,1.0,3.676881657893904,2100.0,0.0016666666666660002,2.988064550723961,0.13166666666666602,0.943333333333333,2100.0,2.257691777143242,2100.0,3.117986666259183,2100.0,2100.0,4.029236023134952,2.972302386040304,2.403840095881204,,1.988147483448855,3.676881657893904,aneris (version: 0.3.1),2.972302386040304,3.117986666259183,2.506576581611705,climate-assessment (version: 0.1.4a0),4.029236023134952,openscm_runner (version: 0.12.1),2.257691777143242,2.108586217327685,2.752493727330477,2.988064550723961,C6: Below 3.0°C,C6,2.403840095881204,3.32934692250662,silicone (version: 1.3.0),1.988147483448855,True
MESSAGEix-GLOBIOM 2.1-M-R12,SSP2 - Medium-Low Emissions,3,2.696706255716286,2083.0,2082.0,0.005,0.24499999999999902,0.09666666666666601,2.17065613286614,1.66764397112625,2100.0,2094.0,2093.0,2100.0,0.0,2093.0,1.987059732742419,0.9666666666666661,2.978881894304453,2093.0,0.0,2.385941254249785,0.016666666666666,0.6533333333333331,2093.0,1.759516806984519,2094.0,2.491561034412331,2092.0,2082.0,3.28524946271252,2.373650336743426,1.892402307526199,,1.554448484910383,2.972295372373188,aneris (version: 0.3.1),2.35577751872058,2.475061605410383,1.954092185243164,climate-assessment (version: 0.1.4a0),3.28524946271252,openscm_runner (version: 0.12.1),1.721578769767291,1.621071703236784,2.149751673845926,2.360120920736811,C5: Below 2.5°C,C5,1.855953658272593,2.693723376396525,silicone (version: 1.3.0),1.508427974528544,True
MESSAGEix-GLOBIOM 2.1-M-R12,SSP2 - Very Low Emissions,4,1.982548401731689,2040.0,2039.0,0.0,0.011666666666666001,0.0,1.680981796876342,1.346606782117375,2059.0,2049.0,2049.0,2050.0,0.0,2048.0,1.560026400002014,0.751666666666666,2.169311259184408,2049.0,0.0,1.813646336026065,0.0,0.16166666666666601,2048.0,1.428044196449437,2049.0,1.881586071233412,2048.0,2038.0,2.286988004762476,1.802367598105518,1.503137297108491,,1.265486570700053,1.812960000970075,aneris (version: 0.3.1),1.376856960759283,1.473464905269914,1.104643393272273,climate-assessment (version: 0.1.4a0),2.006762258791101,openscm_runner (version: 0.12.1),0.98197258442954,0.910557794673667,1.243807957974295,1.382208004843745,C2: Below 1.5°C with high OS,C2,1.047385750706304,1.599482174404472,silicone (version: 1.3.0),0.8476431635896041,True
MESSAGEix-GLOBIOM 2.1-M-R12,SSP3 - High Emissions,3,4.020503361597969,2100.0,2100.0,0.17999999999999902,0.9516666666666661,0.7333333333333331,3.367634744542884,2.646112404862261,2100.0,2100.0,2100.0,2100.0,0.09166666666666601,2100.0,3.093307089920272,1.0,4.449344065371736,2100.0,0.035,3.654711513440755,0.41999999999999904,0.9983333333333331,2100.0,2.818688808714956,2100.0,3.801485886760461,2100.0,2100.0,4.815522504974752,3.640833133280084,2.976594429117129,,2.510015386220413,4.449344065371736,aneris (version: 0.3.1),3.640833133280084,3.801485886760461,3.093307089920272,climate-assessment (version: 0.1.4a0),4.815522504974752,openscm_runner (version: 0.12.1),2.818688808714956,2.646112404862261,3.367634744542884,3.654711513440755,C7: Below 4.0°C,C7,2.976594429117129,4.020503361597969,silicone (version: 1.3.0),2.510015386220413,True
MESSAGEix-GLOBIOM 2.1-M-R12,SSP4 - Low Overshoot,3,2.123978816363583,2049.0,2048.0,0.0,0.041666666666666005,0.003333333333333,1.795447779156174,1.428478880819997,2060.0,2059.0,2057.0,2059.0,0.0,2049.0,1.663059271539798,0.853333333333333,2.300826565388856,2057.0,0.0,1.932555906106963,0.0,0.26166666666666605,2049.0,1.523661246612088,2059.0,2.009875528656101,2049.0,2048.0,2.459988108285345,1.924482166721714,1.60355940175425,,1.35264409356046,2.003360427861609,aneris (version: 0.3.1),1.549476209511895,1.643713161582925,1.246810754185359,climate-assessment (version: 0.1.4a0),2.202922895735888,openscm_runner (version: 0.12.1),1.123898554489418,1.043775351402931,1.411687918099503,1.558912295060949,C2: Below 1.5°C with high OS,C2,1.188833677336806,1.785525098724995,silicone (version: 1.3.0),0.97389164674337,True
MESSAGEix-GLOBIOM 2.1-M-R12,SSP5 - High Emissions,3,4.508914438550055,2100.0,2100.0,0.38,0.9899999999999991,0.8833333333333331,3.761428155909372,2.946556156280133,2100.0,2100.0,2100.0,2100.0,0.173333333333333,2100.0,3.460124254655176,1.0,5.023528483675416,2100.0,0.10333333333333301,4.083311645992869,0.6483333333333331,1.0,2100.0,3.111852321050576,2100.0,4.23868393997967,2100.0,2100.0,5.399879668601638,4.055219888601945,3.298379577685058,,2.807448686723826,5.023528483675416,aneris (version: 0.3.1),4.055219888601945,4.23868393997967,3.460124254655176,climate-assessment (version: 0.1.4a0),5.399879668601638,openscm_runner (version: 0.12.1),3.111852321050576,2.946556156280133,3.761428155909372,4.083311645992869,C7: Below 4.0°C,C7,3.298379577685058,4.508914438550055,silicone (version: 1.3.0),2.807448686723826,True
MESSAGEix-GLOBIOM 2.1-M-R12,SSP5 - Low Overshoot,2,2.113875834162039,2048.0,2048.0,0.0,0.043333333333333,0.005,1.788554888673439,1.426280866228216,2069.0,2059.0,2058.0,2060.0,0.0,2049.0,1.655295255031987,0.8416666666666661,2.296284710896522,2058.0,0.0,1.92500295899463,0.0,0.25,2049.0,1.516927142343494,2059.0,1.996752826535652,2049.0,2048.0,2.46988504294383,1.91431835092539,1.597539738856043,,1.346623239805537,2.137094031260251,aneris (version: 0.3.1),1.6639385075078441,1.75530426751375,1.348917899907571,climate-assessment (version: 0.1.4a0),2.353568140030906,openscm_runner (version: 0.12.1),1.211685531836967,1.126680824664662,1.519227183819134,1.670984041871534,C3: Likely below 2°C,C3,1.280066451441074,1.904872540188325,silicone (version: 1.3.0),1.053472670575708,True
WITCH 6.0,SSP1 - Low Emissions,3,2.479680245696164,2069.0,2059.0,0.003333333333333,0.16166666666666601,0.053333333333333004,1.957711377949926,1.449930405857682,2094.0,2093.0,2083.0,2094.0,0.0,2082.0,1.770478747643239,0.8783333333333331,2.775791708616753,2083.0,0.0,2.162801373698089,0.011666666666666001,0.46166666666666606,2070.0,1.553798968998368,2093.0,2.295105912268036,2069.0,2059.0,3.027873851464478,2.154583041765811,1.684587479597815,,1.338083404901827,2.751153800055476,aneris (version: 0.3.1),2.086153207224076,2.253687088484904,1.67139601384064,climate-assessment (version: 0.1.4a0),3.014186483594725,openscm_runner (version: 0.12.1),1.439592811403799,1.317297958063444,1.884388683163662,2.10831411686594,C4: Below 2°C,C4,1.570716007144888,2.444073181226865,silicone (version: 1.3.0),1.199709630763571,
WITCH 6.0,SSP5 - High Emissions,5,5.451629085769282,2100.0,2100.0,0.7583333333333331,1.0,0.9883333333333331,4.602569398873862,3.53443523604055,2100.0,2100.0,2100.0,2100.0,0.5366666666666661,2100.0,4.188146081134488,1.0,6.118396815924074,2100.0,0.34499999999999903,5.031247529012323,0.9066666666666661,1.0,2100.0,3.801380272314817,2100.0,5.193185053906018,2100.0,2100.0,6.548020940212442,5.012726404980936,4.026826499769278,,3.333280893761985,6.118396815924074,aneris (version: 0.3.1),5.012726404980936,5.193185053906018,4.188146081134488,climate-assessment (version: 0.1.4a0),6.548020940212442,openscm_runner (version: 0.12.1),3.801380272314817,3.53443523604055,4.602569398873862,5.031247529012323,C8: Above 4.0°C,C8,4.026826499769278,5.451629085769282,silicone (version: 1.3.0),3.333280893761985,
MESSAGEix-GLOBIOM 2.1-M-R12,SSP1 - Low Emissions_a,1,,,,,,,,,,,,,,,,,,,,,,,,,,,,,,,,,,,,,,,,,,,,,,,,,,,,
MESSAGEix-GLOBIOM 2.1-M-R12,SSP1 - Very Low Emissions_a,1,,,,,,,,,,,,,,,,,,,,,,,,,,,,,,,,,,,,,,,,,,,,,,,,,,,,
MESSAGEix-GLOBIOM 2.1-M-R12,SSP2 - Low Emissions_a,1,,,,,,,,,,,,,,,,,,,,,,,,,,,,,,,,,,,,,,,,,,,,,,,,,,,,
MESSAGEix-GLOBIOM 2.1-M-R12,SSP2 - Low Overshoot_a,1,,,,,,,,,,,,,,,,,,,,,,,,,,,,,,,,,,,,,,,,,,,,,,,,,,,,
MESSAGEix-GLOBIOM 2.1-M-R12,SSP2 - Medium Emissions_a,1,,,,,,,,,,,,,,,,,,,,,,,,,,,,,,,,,,,,,,,,,,,,,,,,,,,,
MESSAGEix-GLOBIOM 2.1-M-R12,SSP2 - Medium-Low Emissions_a,1,,,,,,,,,,,,,,,,,,,,,,,,,,,,,,,,,,,,,,,,,,,,,,,,,,,,
MESSAGEix-GLOBIOM 2.1-M-R12,SSP2 - Very Low Emissions_a,1,,,,,,,,,,,,,,,,,,,,,,,,,,,,,,,,,,,,,,,,,,,,,,,,,,,,
MESSAGEix-GLOBIOM 2.1-M-R12,SSP3 - High Emissions_a,1,,,,,,,,,,,,,,,,,,,,,,,,,,,,,,,,,,,,,,,,,,,,,,,,,,,,
MESSAGEix-GLOBIOM 2.1-M-R12,SSP4 - Low Overshoot_a,1,,,,,,,,,,,,,,,,,,,,,,,,,,,,,,,,,,,,,,,,,,,,,,,,,,,,
MESSAGEix-GLOBIOM 2.1-M-R12,SSP5 - High Emissions_a,1,,,,,,,,,,,,,,,,,,,,,,,,,,,,,,,,,,,,,,,,,,,,,,,,,,,,
MESSAGEix-GLOBIOM 2.1-M-R12,SSP5 - Low Overshoot_a,1,,,,,,,,,,,,,,,,,,,,,,,,,,,,,,,,,,,,,,,,,,,,,,,,,,,,
IMAGE 3.4,SSP1 - Low Emissions_a,7,2.137239420779271,2049.0,2049.0,0.0,0.046666666666666,0.003333333333333,1.806736850653867,1.441563859014036,2060.0,2059.0,2057.0,2059.0,0.0,2050.0,1.673198218066848,0.8583333333333331,2.312538690046475,2057.0,0.0,1.942501943541365,0.0,0.271666666666666,2049.0,1.529659057978228,2059.0,2.021683465485854,2049.0,2048.0,2.49125835066163,1.936976691522581,1.614837551354697,,1.356400818170881,2.134644032335898,aneris (version: 0.3.1),1.672730953548422,1.765071933358397,1.36571490320904,climate-assessment (version: 0.1.4a0),2.317164739025121,openscm_runner (version: 0.12.1),1.221378328426208,1.133956736031699,1.522208573081561,1.681681190138109,C3: Likely below 2°C,C3,1.294618963487965,1.904066931590594,silicone (version: 1.3.0),1.063670193733837,
IMAGE 3.4,SSP1 - Very Low Emissions_a,7,1.954926113894936,2038.0,2038.0,0.0,0.01,0.0,1.684849457815176,1.351311061514173,2049.0,2048.0,2040.0,2048.0,0.0,2039.0,1.566740845164829,0.77,2.103173671291476,2040.0,0.0,1.809904417397905,0.0,0.14999999999999902,2039.0,1.439482947058061,2040.0,1.879083477501821,2038.0,2037.0,2.242157890222349,1.797252563564794,1.513983351752492,,1.282594629309909,1.659988039436361,aneris (version: 0.3.1),1.304741049598884,1.383422359167884,1.05418442989438,climate-assessment (version: 0.1.4a0),1.822435930952958,openscm_runner (version: 0.12.1),0.9506346932482551,0.8767762484463011,1.186640581430449,1.310799942315449,C2: Below 1.5°C with high OS,C2,1.002852549248778,1.497977923553226,silicone (version: 1.3.0),0.8211670289318691,
IMAGE 3.4,SSP2 - Very Low Emissions_a,7,1.90386039573766,2037.0,2036.0,0.0,0.003333333333333,0.0,1.640930846578182,1.32403795199258,2049.0,2048.0,2039.0,2049.0,0.0,2038.0,1.527515052657844,0.711666666666666,2.041666921607649,2039.0,0.0,1.760377419670466,0.0,0.116666666666666,2038.0,1.403810025435203,2039.0,1.822063751094179,2037.0,2036.0,2.181497681389716,1.747916137789822,1.478693796690542,,1.25395486415162,1.786936942772421,aneris (version: 0.3.1),1.398741764903512,1.498369478602227,1.136574442872203,climate-assessment (version: 0.1.4a0),1.951738837301657,openscm_runner (version: 0.12.1),1.020476158601195,0.9423725257234371,1.277424853905406,1.413874589067571,C2: Below 1.5°C with high OS,C2,1.082000691355768,1.598553087577192,silicone (version: 1.3.0),0.880462536899362,
IMAGE 3.4,SSP3 - Medium Emissions,9,4.324252852835954,2100.0,2100.0,0.29999999999999905,0.9883333333333331,0.8683333333333331,3.626977791384808,2.907663010184966,2100.0,2100.0,2100.0,2100.0,0.13166666666666602,2100.0,3.360869443437329,1.0,4.669118237333179,2100.0,0.056666666666666005,3.924730553064239,0.593333333333333,1.0,2100.0,3.087138692527926,2100.0,4.089089515149879,2100.0,2100.0,5.073993255103957,3.917311318342126,3.228971833832873,,2.746807309991953,4.669118237333179,aneris (version: 0.3.1),3.917311318342126,4.089089515149879,3.360869443437329,climate-assessment (version: 0.1.4a0),5.073993255103957,openscm_runner (version: 0.12.1),3.087138692527926,2.907663010184966,3.626977791384808,3.924730553064239,C7: Below 4.0°C,C7,3.228971833832873,4.324252852835954,silicone (version: 1.3.0),2.746807309991953,
REMIND-MAgPIE 3.4-4.8,SSP1 - Very Low Emissions,1,1.964694959945308,2038.0,2038.0,0.0,0.011666666666666001,0.0,1.675259854270511,1.33881723987749,2048.0,2048.0,2041.0,2048.0,0.0,2039.0,1.555722544055363,0.755,2.122733197640426,2041.0,0.0,1.80393649180949,0.0,0.14999999999999902,2039.0,1.41837290012947,2047.0,1.871933454298092,2038.0,2038.0,2.258989490760602,1.788334422492235,1.502774304756236,,1.257418928572211,1.634780847517248,aneris (version: 0.3.1),1.247615858043171,1.324446224242163,1.013806839395348,climate-assessment (version: 0.1.4a0),1.777567029323009,openscm_runner (version: 0.12.1),0.91318569946973,0.858169587273498,1.139339419105712,1.254356303670635,C2: Below 1.5°C with high OS,C2,0.9629566715586051,1.44608096242576,silicone (version: 1.3.0),0.790387634197781,
REMIND-MAgPIE 3.4-4.8,SSP1 - Very Low Emissions_a,1,1.965668617066659,2038.0,2038.0,0.0,0.011666666666666001,0.0,1.675582110381264,1.339118176885293,2048.0,2048.0,2041.0,2048.0,0.0,2039.0,1.5559282986875551,0.756666666666666,2.123504551523799,2041.0,0.0,1.804383991579707,0.0,0.14999999999999902,2039.0,1.418540121735984,2047.0,1.872353932780955,2038.0,2038.0,2.26016134021806,1.78867458284929,1.503382543665535,,1.257661023144382,1.598615466980169,aneris (version: 0.3.1),1.222330981896865,1.295129512748601,0.990293152102628,climate-assessment (version: 0.1.4a0),1.745299273431758,openscm_runner (version: 0.12.1),0.890794228704968,0.8370190418419241,1.112727322494621,1.226793631434859,C2: Below 1.5°C with high OS,C2,0.940003750236665,1.417243057753146,silicone (version: 1.3.0),0.7697370596338861,
REMIND-MAgPIE 3.4-4.8,SSP1 - Very Low Emissions_c,1,1.957477526296315,2038.0,2037.0,0.0,0.01,0.0,1.669973797287207,1.3342687332736891,2049.0,2048.0,2040.0,2048.0,0.0,2039.0,1.551761470372843,0.7483333333333331,2.107787554749323,2040.0,0.0,1.792231106340238,0.0,0.14999999999999902,2038.0,1.414597848707823,2040.0,1.865692926476679,2038.0,2037.0,2.245767729479318,1.78130784705679,1.498597200794663,,1.253894097283628,1.668664835205567,aneris (version: 0.3.1),1.273333276700912,1.351826615447121,1.035993273194057,climate-assessment (version: 0.1.4a0),1.809810865844881,openscm_runner (version: 0.12.1),0.9343493368948811,0.875757078552131,1.162792963807498,1.282241107358859,C2: Below 1.5°C with high OS,C2,0.9867701544960171,1.477728205623612,silicone (version: 1.3.0),0.8099925495747251,
REMIND-MAgPIE 3.4-4.8,SSP2 - Low Emissions,5,2.151381857269607,2049.0,2048.0,0.0,0.056666666666666005,0.005,1.800940520575186,1.433550136185816,2093.0,2069.0,2059.0,2070.0,0.0,2059.0,1.664913841145335,0.8399999999999991,2.356791893103214,2059.0,0.0,1.939066085751842,0.0,0.27333333333333304,2049.0,1.518182036922175,2069.0,2.030491464940149,2049.0,2048.0,2.54694918350188,1.931672231015878,1.598693170447432,,1.349844384836778,2.297659254641386,aneris (version: 0.3.1),1.815863489858356,1.920661215571682,1.501710103649414,climate-assessment (version: 0.1.4a0),2.49297173092603,openscm_runner (version: 0.12.1),1.357613588458584,1.267979959552806,1.674102482933699,1.82778106622193,C3: Likely below 2°C,C3,1.439419726236571,2.075117969602935,silicone (version: 1.3.0),1.191342202386076,
REMIND-MAgPIE 3.4-4.8,SSP2 - Low Emissions_c,1,2.10358908095222,2048.0,2040.0,0.0,0.05166666666666601,0.005,1.74477975944728,1.39186058387767,2100.0,2093.0,2069.0,2094.0,0.0,2049.0,1.61402442216603,0.8116666666666661,2.316507251690364,2069.0,0.0,1.894614142119624,0.0,0.23166666666666602,2049.0,1.47227129882182,2093.0,1.975487093372991,2048.0,2039.0,2.501491170822704,1.875929210554805,1.550646286206132,,1.30692226838293,2.310143904716305,aneris (version: 0.3.1),1.828848048113278,1.933209322240333,1.515414071801205,climate-assessment (version: 0.1.4a0),2.499012590347537,openscm_runner (version: 0.12.1),1.366207698176362,1.279709769427906,1.684496911558825,1.837666928810069,C3: Likely below 2°C,C3,1.450986492672569,2.081731011024019,silicone (version: 1.3.0),1.203122887511695,
REMIND-MAgPIE 3.4-4.8,SSP2 - Low Emissions_d,1,2.13423094396295,2048.0,2048.0,0.0,0.056666666666666005,0.005,1.775809803047311,1.413100643980945,2094.0,2093.0,2059.0,2094.0,0.0,2049.0,1.647256177637717,0.8299999999999991,2.322486563551712,2059.0,0.0,1.912879305963711,0.0,0.25,2049.0,1.500512510635422,2069.0,1.999644562224387,2049.0,2046.0,2.512958003089174,1.907016998790225,1.581208273179238,,1.335973773786115,2.309757939233351,aneris (version: 0.3.1),1.827218048074455,1.931080438984829,1.510948746432065,climate-assessment (version: 0.1.4a0),2.502023942218606,openscm_runner (version: 0.12.1),1.365184351533561,1.277398830856607,1.682219286572516,1.834900539176208,C3: Likely below 2°C,C3,1.447495374182234,2.081833402089769,silicone (version: 1.3.0),1.198472243020811,
REMIND-MAgPIE 3.4-4.8,SSP2 - Low Overshoot,5,2.178362424234823,2049.0,2048.0,0.0,0.058333333333333,0.005,1.832635750318162,1.457442886436195,2069.0,2060.0,2059.0,2068.0,0.0,2059.0,1.697666398697474,0.8649999999999991,2.375730743594405,2059.0,0.0,1.972160785674434,0.0,0.31166666666666604,2049.0,1.545698538222803,2059.0,2.060133203317639,2049.0,2048.0,2.541620751972903,1.96638942925512,1.628213316083183,,1.375098961217688,1.963060862255477,aneris (version: 0.3.1),1.529343894318045,1.627953613653664,1.235667354982352,climate-assessment (version: 0.1.4a0),2.148595535682166,openscm_runner (version: 0.12.1),1.129984708803869,1.052519396499651,1.394629211670916,1.546525368056318,C2: Below 1.5°C with high OS,C2,1.179156378361861,1.752209271967974,silicone (version: 1.3.0),0.985323557063642,
REMIND-MAgPIE 3.4-4.8,SSP2 - Low Overshoot_b,1,2.18470232230873,2049.0,2049.0,0.0,0.06833333333333301,0.005,1.836449660486257,1.459380481628907,2069.0,2060.0,2059.0,2069.0,0.0,2059.0,1.701908166185992,0.8683333333333331,2.387772922132591,2059.0,0.0,1.978683671175307,0.0,0.313333333333333,2050.0,1.549176824638784,2060.0,2.065281491964892,2049.0,2048.0,2.554563172589781,1.96994342418832,1.631970251884049,,1.378522871876648,1.988373379110689,aneris (version: 0.3.1),1.543014263554062,1.640787724727537,1.245265990196934,climate-assessment (version: 0.1.4a0),2.18718258708236,openscm_runner (version: 0.12.1),1.138978499316406,1.059482015907317,1.406269788094868,1.556584447064212,C2: Below 1.5°C with high OS,C2,1.19002472958149,1.770997661897885,silicone (version: 1.3.0),0.9948211759126211,
REMIND-MAgPIE 3.4-4.8,SSP2 - Low Overshoot_c,1,2.141278406447764,2049.0,2048.0,0.0,0.05166666666666601,0.005,1.79947593136735,1.432599080356717,2069.0,2060.0,2059.0,2069.0,0.0,2059.0,1.666013614199312,0.8399999999999991,2.332445883039441,2059.0,0.0,1.936064229358448,0.0,0.271666666666666,2049.0,1.518559072458695,2059.0,2.022010840680016,2049.0,2048.0,2.500735683122166,1.930893103603853,1.601406607438832,,1.350384860497112,1.966240599684003,aneris (version: 0.3.1),1.528879379574759,1.626074533059038,1.236990396786058,climate-assessment (version: 0.1.4a0),2.139924912447638,openscm_runner (version: 0.12.1),1.128475328060134,1.052033422649893,1.394445194818473,1.544088363000998,C2: Below 1.5°C with high OS,C2,1.178530845312613,1.751793174042503,silicone (version: 1.3.0),0.9864469722663881,
REMIND-MAgPIE 3.4-4.8,SSP2 - Low Overshoot_d,1,2.16484203850213,2049.0,2048.0,0.0,0.056666666666666005,0.005,1.822601801136296,1.449614912879283,2069.0,2060.0,2059.0,2068.0,0.0,2058.0,1.690298519196846,0.8633333333333331,2.358045516735002,2059.0,0.0,1.961900410307356,0.0,0.30166666666666603,2049.0,1.540319978893349,2059.0,2.048332048253143,2049.0,2048.0,2.525047284787205,1.957008855159853,1.622204286943595,,1.370089377930777,1.965195112324537,aneris (version: 0.3.1),1.529722796450718,1.627501158833295,1.236496473320612,climate-assessment (version: 0.1.4a0),2.145829227832304,openscm_runner (version: 0.12.1),1.129071344287359,1.052731357468851,1.395810343087845,1.546864778645796,C2: Below 1.5°C with high OS,C2,1.178567189320119,1.753050264180799,silicone (version: 1.3.0),0.986006738588967,
REMIND-MAgPIE 3.4-4.8,SSP2 - Medium Emissions,5,3.241829182813646,2100.0,2100.0,0.04,0.6466666666666661,0.27833333333333304,2.699687660578864,2.069125750232763,2100.0,2100.0,2100.0,2100.0,0.01,2100.0,2.466185761891356,1.0,3.610518367941887,2100.0,0.0,2.931582073747,0.116666666666666,0.93,2100.0,2.203045709099503,2100.0,3.075662370939582,2100.0,2100.0,3.904859704567178,2.917686749705907,2.362997048550309,,1.945998728972142,3.610518367941887,aneris (version: 0.3.1),2.917686749705907,3.075662370939582,2.466185761891356,climate-assessment (version: 0.1.4a0),3.904859704567178,openscm_runner (version: 0.12.1),2.203045709099503,2.069125750232763,2.699687660578864,2.931582073747,C6: Below 3.0°C,C6,2.362997048550309,3.241829182813646,silicone (version: 1.3.0),1.945998728972142,
REMIND-MAgPIE 3.4-4.8,SSP2 - Medium-Low Emissions,5,2.544400829580637,2070.0,2069.0,0.0,0.191666666666666,0.061666666666666,2.089137080649393,1.622989726980909,2093.0,2093.0,2082.0,2093.0,0.0,2082.0,1.92240749797557,0.958333333333333,2.804302492591951,2082.0,0.0,2.278776574475298,0.01,0.583333333333333,2070.0,1.72086501214602,2083.0,2.391277348449423,2070.0,2069.0,3.067240613922438,2.265429317954942,1.838823826966436,,1.530453451723359,2.773119787466611,aneris (version: 0.3.1),2.210384149303549,2.321775180438216,1.826965209793321,climate-assessment (version: 0.1.4a0),3.026742655238073,openscm_runner (version: 0.12.1),1.627116300285301,1.521177739515475,2.013666526460982,2.223237354306911,C5: Below 2.5°C,C5,1.741298664747708,2.509167678510284,silicone (version: 1.3.0),1.427014305172533,
REMIND-MAgPIE 3.4-4.8,SSP2 - Very Low Emissions,5,1.969316976218403,2038.0,2038.0,0.0,0.011666666666666001,0.0,1.678957296907118,1.342396232516215,2048.0,2047.0,2040.0,2048.0,0.0,2039.0,1.561290432493968,0.756666666666666,2.114883008544762,2040.0,0.0,1.799623330436441,0.0,0.14999999999999902,2039.0,1.42281689675367,2041.0,1.876709188469571,2038.0,2037.0,2.250085333473977,1.792365429919692,1.507795585972605,,1.262882004900752,1.552083251182728,aneris (version: 0.3.1),1.181241847128355,1.255899432655573,0.9545794544189921,climate-assessment (version: 0.1.4a0),1.686763117631679,openscm_runner (version: 0.12.1),0.8662040977097061,0.814767894752055,1.077595024711331,1.185926226039687,C2: Below 1.5°C with high OS,C2,0.908423181863061,1.370977031834514,silicone (version: 1.3.0),0.7485664232239431,
REMIND-MAgPIE 3.4-4.8,SSP2 - Very Low Emissions_a,4,1.970515655860157,2038.0,2038.0,0.0,0.011666666666666001,0.0,1.679408166874768,1.343091707321045,2048.0,2047.0,2040.0,2048.0,0.0,2039.0,1.561979203755403,0.7583333333333331,2.115509437369825,2040.0,0.0,1.800253078031035,0.0,0.14999999999999902,2039.0,1.42317543295729,2041.0,1.877718408521733,2038.0,2037.0,2.251001953951666,1.793309459621631,1.508472897265408,,1.26377820447509,1.518652828850058,aneris (version: 0.3.1),1.146164707892135,1.223798603888671,0.925138952899023,climate-assessment (version: 0.1.4a0),1.645733254697063,openscm_runner (version: 0.12.1),0.840963449594686,0.7898954894116881,1.045554132871634,1.15372101938466,C2: Below 1.5°C with high OS,C2,0.8775357737313181,1.333838793586076,silicone (version: 1.3.0),0.725979890506621,
REMIND-MAgPIE 3.4-4.8,SSP2 - Very Low Emissions_c,1,1.961508236945515,2038.0,2037.0,0.0,0.01,0.0,1.673929200253394,1.338635379249506,2048.0,2047.0,2040.0,2048.0,0.0,2039.0,1.556101756460757,0.751666666666666,2.105185357412696,2040.0,0.0,1.793029761694697,0.0,0.14999999999999902,2038.0,1.418218050978468,2040.0,1.87003972619902,2038.0,2037.0,2.239632029432057,1.785379381318082,1.502789370117098,,1.25899768936474,1.659807052205068,aneris (version: 0.3.1),1.269708582912129,1.350032707382958,1.034463095941706,climate-assessment (version: 0.1.4a0),1.806548269085596,openscm_runner (version: 0.12.1),0.9359074808940021,0.872310544874563,1.162364306071935,1.277518589912056,C2: Below 1.5°C with high OS,C2,0.98719237920413,1.472691092637961,silicone (version: 1.3.0),0.8122080888785911,
REMIND-MAgPIE 3.4-4.8,SSP3 - High Emissions,1,4.033242889781281,2100.0,2100.0,0.178333333333333,0.963333333333333,0.746666666666666,3.399097509960447,2.737417063738651,2100.0,2100.0,2100.0,2100.0,0.08166666666666601,2100.0,3.125637915612143,1.0,4.378723885528368,2100.0,0.025,3.652375152411016,0.43499999999999905,1.0,2100.0,2.866214486670553,2100.0,3.825142759248103,2100.0,2100.0,4.676591775202767,3.627444142518939,2.991530783442013,,2.543483764636507,4.378723885528368,aneris (version: 0.3.1),3.627444142518939,3.825142759248103,3.125637915612143,climate-assessment (version: 0.1.4a0),4.676591775202767,openscm_runner (version: 0.12.1),2.866214486670553,2.737417063738651,3.399097509960447,3.652375152411016,C7: Below 4.0°C,C7,2.991530783442013,4.033242889781281,silicone (version: 1.3.0),2.543483764636507,
IMAGE 3.4,SSP1 - Low Emissions,12,2.143580748826003,2049.0,2048.0,0.0,0.065,0.008333333333333,1.791472376942746,1.414320715236444,2093.0,2069.0,2060.0,2070.0,0.0,2060.0,1.6534142170626,0.8349999999999991,2.343301257561356,2060.0,0.0,1.937208736432233,0.0,0.271666666666666,2059.0,1.505594860283647,2069.0,2.02205793574698,2049.0,2048.0,2.546889405414682,1.926721386132701,1.58505031171564,,1.325561727025438,2.277018973224333,aneris (version: 0.3.1),1.776467849440426,1.888682042609381,1.438895586710446,climate-assessment (version: 0.1.4a0),2.481230661195549,openscm_runner (version: 0.12.1),1.265146084990617,1.167809028627907,1.59511789427899,1.783483958441788,C3: Likely below 2°C,C3,1.349964284708704,2.027661750711688,silicone (version: 1.3.0),1.086374403838038,
IMAGE 3.4,SSP1 - Low Overshoot,12,2.129800129634145,2048.0,2048.0,0.0,0.05166666666666601,0.003333333333333,1.796408930179945,1.427209749718038,2069.0,2060.0,2059.0,2069.0,0.0,2057.0,1.664997217619679,0.846666666666666,2.326979889526686,2059.0,0.0,1.941788792431649,0.0,0.27,2049.0,1.51289784250512,2059.0,2.02563751386718,2048.0,2048.0,2.505870892225301,1.932782310039317,1.602358602986599,,1.34182834499982,2.10535734607806,aneris (version: 0.3.1),1.635970282141562,1.741805857447342,1.308649735780349,climate-assessment (version: 0.1.4a0),2.318441037475328,openscm_runner (version: 0.12.1),1.159564253948883,1.064209840903997,1.464158065962184,1.646191878082778,C2: Below 1.5°C with high OS,C2,1.229788754150167,1.884547051447045,silicone (version: 1.3.0),0.990230128533865,
IMAGE 3.4,SSP1 - Medium Emissions,13,2.9449688677119,2100.0,2100.0,0.01,0.43166666666666603,0.148333333333333,2.41010568112521,1.810945280752741,2100.0,2100.0,2100.0,2100.0,0.0016666666666660002,2100.0,2.179413592918328,0.9883333333333331,3.235388938281765,2100.0,0.0,2.631672286030365,0.056666666666666005,0.7933333333333331,2100.0,1.92016789259371,2100.0,2.769126027781589,2100.0,2100.0,3.546466901035842,2.612457833039025,2.075882513558251,,1.674983847614381,3.235388938281765,aneris (version: 0.3.1),2.612457833039025,2.769126027781589,2.179413592918328,climate-assessment (version: 0.1.4a0),3.546466901035842,openscm_runner (version: 0.12.1),1.92016789259371,1.810945280752741,2.41010568112521,2.631672286030365,C5: Below 2.5°C,C5,2.075882513558251,2.9449688677119,silicone (version: 1.3.0),1.674983847614381,
IMAGE 3.4,SSP1 - Medium Emissions_a,10,3.439525437109324,2100.0,2100.0,0.071666666666666,0.7299999999999991,0.395,2.837457948826338,2.157957064230128,2100.0,2100.0,2100.0,2100.0,0.02,2100.0,2.600881857024054,1.0,3.819670501250306,2100.0,0.008333333333333,3.111131884968532,0.156666666666666,0.9549999999999991,2100.0,2.314744777688074,2100.0,3.247322480779474,2100.0,2100.0,4.155028868440566,3.090026435735672,2.465550110574854,,2.024670720515388,3.819670501250306,aneris (version: 0.3.1),3.090026435735672,3.247322480779474,2.600881857024054,climate-assessment (version: 0.1.4a0),4.155028868440566,openscm_runner (version: 0.12.1),2.314744777688074,2.157957064230128,2.837457948826338,3.111131884968532,C6: Below 3.0°C,C6,2.465550110574854,3.439525437109324,silicone (version: 1.3.0),2.024670720515388,
IMAGE 3.4,SSP1 - Medium-Low Emissions,12,2.37080757215422,2060.0,2059.0,0.0,0.126666666666666,0.029999999999999003,1.933598594053248,1.512637190908681,2100.0,2093.0,2093.0,2094.0,0.0,2070.0,1.770999902107535,0.9033333333333331,2.628482546728101,2092.0,0.0,2.107765396956256,0.005,0.443333333333333,2069.0,1.601987078925618,2093.0,2.212840162391279,2060.0,2059.0,2.883149117091965,2.098203176118659,1.694192126528275,,1.408530219793874,2.625332982184636,aneris (version: 0.3.1),2.051675433754569,2.180320622182894,1.685482967324642,climate-assessment (version: 0.1.4a0),2.876725114726779,openscm_runner (version: 0.12.1),1.475293221914947,1.375975451987494,1.86124957900167,2.062810930645276,C4: Below 2°C,C4,1.583770010652133,2.348481119686455,silicone (version: 1.3.0),1.275566760371448,
IMAGE 3.4,SSP1 - Very Low Emissions,12,2.016024281150219,2039.0,2038.0,0.0,0.013333333333333001,0.0,1.721962121420528,1.376129517997656,2048.0,2041.0,2040.0,2047.0,0.0,2040.0,1.605973725397116,0.8016666666666661,2.163171809495596,2040.0,0.0,1.854088816036961,0.0,0.176666666666666,2039.0,1.457466024071736,2040.0,1.929329310205045,2039.0,2038.0,2.301858549233474,1.845137090114038,1.547718913860766,,1.304122839120686,1.76870175293961,aneris (version: 0.3.1),1.370189475091277,1.455933085160475,1.079486689108396,climate-assessment (version: 0.1.4a0),1.964256200189151,openscm_runner (version: 0.12.1),0.9617100615205041,0.8830691497259021,1.237079169320635,1.377653455837833,C2: Below 1.5°C with high OS,C2,1.023451044884517,1.58073494776866,silicone (version: 1.3.0),0.8197147425387471,
IMAGE 3.4,SSP2 - Low Emissions,12,2.079651491377667,2048.0,2048.0,0.0,0.033333333333333,0.003333333333333,1.765498724648556,1.401120264858586,2093.0,2059.0,2049.0,2069.0,0.0,2049.0,1.634644970196011,0.823333333333333,2.245150683828478,2049.0,0.0,1.901962655911622,0.0,0.23499999999999902,2048.0,1.493741252324084,2049.0,1.980994148738193,2048.0,2047.0,2.415160261929294,1.892891230512874,1.57809962693161,,1.32721360424243,2.142445659385856,aneris (version: 0.3.1),1.697523520152274,1.803474867674766,1.382643816289166,climate-assessment (version: 0.1.4a0),2.336332532922751,openscm_runner (version: 0.12.1),1.239363559005461,1.145874933983022,1.536918468903551,1.704717267733546,C3: Likely below 2°C,C3,1.310750709106681,1.918891300068769,silicone (version: 1.3.0),1.071095594457208,
IMAGE 3.4,SSP2 - Low Overshoot,12,2.118871254018407,2048.0,2048.0,0.0,0.041666666666666005,0.003333333333333,1.804435586030525,1.429431018309216,2070.0,2059.0,2049.0,2069.0,0.0,2048.0,1.670975297479758,0.8549999999999991,2.295707637776989,2049.0,0.0,1.938930325877076,0.0,0.266666666666666,2048.0,1.525095407571892,2049.0,2.019077744799278,2048.0,2047.0,2.474875802415239,1.931637457508611,1.611531221153609,,1.354542770044224,2.13730378403377,aneris (version: 0.3.1),1.682664792465035,1.796857484896662,1.368055604282244,climate-assessment (version: 0.1.4a0),2.335788235549447,openscm_runner (version: 0.12.1),1.223521568870352,1.130028860265974,1.522419713477217,1.692718341621179,C3: Likely below 2°C,C3,1.294624150030694,1.915292969518467,silicone (version: 1.3.0),1.053552661000288,
IMAGE 3.4,SSP2 - Medium Emissions,12,3.444707787385845,2100.0,2100.0,0.063333333333333,0.761666666666666,0.40833333333333305,2.861538314662551,2.228714220400179,2100.0,2100.0,2100.0,2100.0,0.016666666666666,2100.0,2.618596896834274,1.0,3.762788856607213,2100.0,0.003333333333333,3.11701160767219,0.15333333333333302,0.9716666666666661,2100.0,2.372814855352748,2100.0,3.256849000136336,2100.0,2100.0,4.119449852767766,3.108874694797039,2.520886182652109,,2.082399534106606,3.762788856607213,aneris (version: 0.3.1),3.108874694797039,3.256849000136336,2.618596896834274,climate-assessment (version: 0.1.4a0),4.119449852767766,openscm_runner (version: 0.12.1),2.372814855352748,2.228714220400179,2.861538314662551,3.11701160767219,C6: Below 3.0°C,C6,2.520886182652109,3.444707787385845,silicone (version: 1.3.0),2.082399534106606,
IMAGE 3.4,SSP2 - Medium-Low Emissions,12,2.406406256394289,2060.0,2060.0,0.0,0.135,0.029999999999999003,2.004412574576833,1.583800785719031,2100.0,2093.0,2069.0,2094.0,0.0,2069.0,1.849455329790888,0.943333333333333,2.648303926092836,2069.0,0.0,2.171383270499389,0.005,0.505,2061.0,1.683837748084326,2070.0,2.265595351854492,2060.0,2059.0,2.8728097450162,2.16317199498547,1.775490578681705,,1.480952176652357,2.6461419989823,aneris (version: 0.3.1),2.09550279255465,2.215738333886402,1.726472950509233,climate-assessment (version: 0.1.4a0),2.862215708932764,openscm_runner (version: 0.12.1),1.538458092645446,1.438408500809593,1.903927827957957,2.104963641445714,C5: Below 2.5°C,C5,1.634346363096448,2.371916125126471,silicone (version: 1.3.0),1.340498045346339,
IMAGE 3.4,SSP2 - Very Low Emissions,13,1.968383185632885,2038.0,2038.0,0.0,0.01,0.0,1.698012569721998,1.36105965879153,2042.0,2040.0,2040.0,2041.0,0.0,2039.0,1.578257036048301,0.78,2.115967807715986,2040.0,0.0,1.826131539826757,0.0,0.15833333333333302,2039.0,1.444502596787377,2040.0,1.898096030571361,2038.0,2037.0,2.247015276122772,1.818007065409126,1.526092674611998,,1.285756614953879,1.732546455415985,aneris (version: 0.3.1),1.346767301430046,1.450475781550921,1.078371194158014,climate-assessment (version: 0.1.4a0),1.919057867851905,openscm_runner (version: 0.12.1),0.956571499156988,0.8775730386484021,1.222354840877108,1.363083068216454,C2: Below 1.5°C with high OS,C2,1.018635902537821,1.567041434623362,silicone (version: 1.3.0),0.814659299006064,
IMAGE 3.4,SSP3 - High Emissions,14,4.474759323666497,2100.0,2100.0,0.373333333333333,0.9933333333333331,0.891666666666666,3.756055565578798,2.989863640047925,2100.0,2100.0,2100.0,2100.0,0.165,2100.0,3.471492424856552,1.0,4.909605392209506,2100.0,0.07666666666666601,4.089135158748965,0.65,1.0,2100.0,3.153938783344305,2100.0,4.238050827341168,2100.0,2100.0,5.300130316825741,4.074644037822958,3.325844655887709,,2.818693028650542,4.909605392209506,aneris (version: 0.3.1),4.074644037822958,4.238050827341168,3.471492424856552,climate-assessment (version: 0.1.4a0),5.300130316825741,openscm_runner (version: 0.12.1),3.153938783344305,2.989863640047925,3.756055565578798,4.089135158748965,C7: Below 4.0°C,C7,3.325844655887709,4.474759323666497,silicone (version: 1.3.0),2.818693028650542,
IMAGE 3.4,SSP5 - High Emissions,14,5.118037189059953,2100.0,2100.0,0.66,1.0,0.9799999999999991,4.310427549985831,3.413121808920783,2100.0,2100.0,2100.0,2100.0,0.406666666666666,2100.0,3.962266628395998,1.0,5.581232925654526,2100.0,0.20166666666666602,4.682534111943534,0.875,1.0,2100.0,3.611577646563698,2100.0,4.825329962818959,2100.0,2100.0,6.038255732591692,4.663176682755713,3.790190688475767,,3.239195686346299,5.581232925654526,aneris (version: 0.3.1),4.663176682755713,4.825329962818959,3.962266628395998,climate-assessment (version: 0.1.4a0),6.038255732591692,openscm_runner (version: 0.12.1),3.611577646563698,3.413121808920783,4.310427549985831,4.682534111943534,C8: Above 4.0°C,C8,3.790190688475767,5.118037189059953,silicone (version: 1.3.0),3.239195686346299,
MESSAGEix-GLOBIOM-GAINS 2.1-M-R12,SSP1 - Low Emissions,1,2.197372883451611,2057.0,2049.0,0.0,0.08333333333333301,0.01,1.825953981195409,1.439967663193963,2093.0,2070.0,2069.0,2082.0,0.0,2060.0,1.681121070201798,0.8416666666666661,2.414779918509119,2069.0,0.0,1.973655971091796,0.0,0.298333333333333,2059.0,1.522867887740614,2069.0,2.058762611783984,2059.0,2049.0,2.635728713071446,1.961938851556497,1.606106901015907,,1.355936621494574,2.354338425084395,aneris (version: 0.3.1),1.805814188727494,1.91292193015322,1.463943977367518,climate-assessment (version: 0.1.4a0),2.587424256633807,openscm_runner (version: 0.12.1),1.289725676901871,1.19860291095632,1.635598388214035,1.816794509859819,C3: Likely below 2°C,C3,1.38622889083103,2.097835236822103,silicone (version: 1.3.0),1.111051382905591,1
MESSAGEix-GLOBIOM-GAINS 2.1-M-R12,SSP1 - Very Low Emissions,1,2.033492785090912,2048.0,2040.0,0.0,0.016666666666666,0.0,1.721378312909344,1.362336897140292,2059.0,2050.0,2049.0,2057.0,0.0,2049.0,1.593463051456414,0.7866666666666661,2.222559589638696,2049.0,0.0,1.85042690958702,0.0,0.19666666666666602,2048.0,1.455473275550803,2049.0,1.927265753483371,2048.0,2039.0,2.35257133542961,1.84268004776444,1.535636298031707,,1.294052762216397,1.90005648428387,aneris (version: 0.3.1),1.434951044116957,1.52717839881694,1.144314975915228,climate-assessment (version: 0.1.4a0),2.093811837816287,openscm_runner (version: 0.12.1),1.016392130308517,0.9319568441214181,1.286932914995297,1.438769347461676,C2: Below 1.5°C with high OS,C2,1.080315139687008,1.66152175259506,silicone (version: 1.3.0),0.871312121063272,1
MESSAGEix-GLOBIOM-GAINS 2.1-M-R12,SSP2 - Low Emissions,1,2.258089035076976,2059.0,2050.0,0.0,0.095,0.01,1.882585313805432,1.472920360674399,2081.0,2070.0,2069.0,2070.0,0.0,2060.0,1.730519422238752,0.881666666666666,2.487516660636201,2069.0,0.0,2.033821147552953,0.0,0.36999999999999905,2059.0,1.564356435427743,2069.0,2.125105488589801,2059.0,2049.0,2.674257760861165,2.027240344698025,1.652752384360459,,1.386565607470185,2.38649334995111,aneris (version: 0.3.1),1.844626578906173,1.948289166232511,1.503096462995898,climate-assessment (version: 0.1.4a0),2.621729276229659,openscm_runner (version: 0.12.1),1.329807546994548,1.23624805391864,1.670776754886738,1.853869100434901,C4: Below 2°C,C4,1.424044143637241,2.117728034768617,silicone (version: 1.3.0),1.154744804898317,1
MESSAGEix-GLOBIOM-GAINS 2.1-M-R12,SSP2 - Low Overshoot,1,2.13646930760888,2049.0,2048.0,0.0,0.048333333333333006,0.005,1.805532078992097,1.426694748287447,2060.0,2059.0,2057.0,2059.0,0.0,2049.0,1.672953092608701,0.8499999999999991,2.338414980000858,2057.0,0.0,1.944566133614491,0.0,0.276666666666666,2049.0,1.526828188684054,2059.0,2.030463917229292,2049.0,2048.0,2.491704629891029,1.936446523789068,1.609906838834004,,1.357525224480089,2.001765486023133,aneris (version: 0.3.1),1.536698928334512,1.641053104592397,1.227765439401987,climate-assessment (version: 0.1.4a0),2.211534235357614,openscm_runner (version: 0.12.1),1.107350792062937,1.019442333742685,1.386302227106825,1.54626678163373,C2: Below 1.5°C with high OS,C2,1.174322098266594,1.784124109583764,silicone (version: 1.3.0),0.951227890024059,1
MESSAGEix-GLOBIOM-GAINS 2.1-M-R12,SSP2 - Medium Emissions,1,3.413245196268027,2100.0,2100.0,0.065,0.7299999999999991,0.378333333333333,2.822070685460078,2.161850970220589,2100.0,2100.0,2100.0,2100.0,0.016666666666666,2100.0,2.584637841426414,1.0,3.794737151923034,2100.0,0.003333333333333,3.063318084184427,0.148333333333333,0.958333333333333,2100.0,2.312733022592163,2100.0,3.203058495598003,2100.0,2100.0,4.135577383613732,3.054231206092485,2.471559903686059,,2.035328638238599,3.794737151923034,aneris (version: 0.3.1),3.054231206092485,3.203058495598003,2.584637841426414,climate-assessment (version: 0.1.4a0),4.135577383613732,openscm_runner (version: 0.12.1),2.312733022592163,2.161850970220589,2.822070685460078,3.063318084184427,C6: Below 3.0°C,C6,2.471559903686059,3.413245196268027,silicone (version: 1.3.0),2.035328638238599,1
MESSAGEix-GLOBIOM-GAINS 2.1-M-R12,SSP2 - Medium-Low Emissions,1,2.776430502979306,2084.0,2083.0,0.006666666666666,0.293333333333333,0.11833333333333301,2.24989424267173,1.721441003927667,2100.0,2094.0,2093.0,2100.0,0.0,2093.0,2.054631435716109,0.973333333333333,3.0725900489653,2093.0,0.0,2.46598414712318,0.036666666666666,0.7066666666666661,2093.0,1.814575157032046,2094.0,2.581148423261252,2092.0,2082.0,3.370589514112816,2.458263664601227,1.958721244611518,,1.613524923136387,3.069011954607419,aneris (version: 0.3.1),2.4353633063728,2.556470016370471,2.017534501024702,climate-assessment (version: 0.1.4a0),3.362457269366593,openscm_runner (version: 0.12.1),1.77007950700379,1.672983014499725,2.212772894836386,2.439956142358457,C5: Below 2.5°C,C5,1.919419570224319,2.769446179926258,silicone (version: 1.3.0),1.557489865296403,1
MESSAGEix-GLOBIOM-GAINS 2.1-M-R12,SSP2 - Very Low Emissions,1,2.028461761938471,2047.0,2039.0,0.0,0.016666666666666,0.0,1.71673468011474,1.360759892232384,2059.0,2049.0,2049.0,2050.0,0.0,2048.0,1.589981732112591,0.785,2.215251632854001,2049.0,0.0,1.847317490767858,0.0,0.19333333333333302,2048.0,1.450587627904595,2049.0,1.923213708967415,2048.0,2039.0,2.343351861243708,1.836663162776247,1.532006108588116,,1.291625900223462,1.8631811565986,aneris (version: 0.3.1),1.403166448163855,1.497912378520479,1.119976688860478,climate-assessment (version: 0.1.4a0),2.057211286397143,openscm_runner (version: 0.12.1),0.990394009594433,0.90928915948092,1.259017930159612,1.410541778759649,C2: Below 1.5°C with high OS,C2,1.053776530819843,1.625927285441379,silicone (version: 1.3.0),0.8477627345455621,1
MESSAGEix-GLOBIOM-GAINS 2.1-M-R12,SSP3 - High Emissions,1,3.95088151152863,2100.0,2100.0,0.16333333333333303,0.9316666666666661,0.703333333333333,3.306767900332517,2.578101344338421,2100.0,2100.0,2100.0,2100.0,0.07499999999999901,2100.0,3.029028990877038,1.0,4.387056878503017,2100.0,0.025,3.5886464468259,0.378333333333333,0.9983333333333331,2100.0,2.753311809351424,2100.0,3.735659303152305,2100.0,2100.0,4.746650963129009,3.576318121647673,2.915055969686084,,2.445412616961323,4.387056878503017,aneris (version: 0.3.1),3.576318121647673,3.735659303152305,3.029028990877038,climate-assessment (version: 0.1.4a0),4.746650963129009,openscm_runner (version: 0.12.1),2.753311809351424,2.578101344338421,3.306767900332517,3.5886464468259,C7: Below 4.0°C,C7,2.915055969686084,3.95088151152863,silicone (version: 1.3.0),2.445412616961323,1
MESSAGEix-GLOBIOM-GAINS 2.1-M-R12,SSP4 - Low Overshoot,1,2.248857192345247,2050.0,2049.0,0.0,0.086666666666666,0.01,1.881720360656367,1.488245382920257,2070.0,2069.0,2060.0,2069.0,0.0,2059.0,1.73548122821387,0.891666666666666,2.461245460767091,2060.0,0.0,2.025604369574069,0.0,0.368333333333333,2059.0,1.579187081397799,2060.0,2.12003253573096,2058.0,2049.0,2.632451834387861,2.017369040482603,1.664546532236385,,1.405522580672954,2.32754952860112,aneris (version: 0.3.1),1.812138664743017,1.908795068797586,1.467285575092134,climate-assessment (version: 0.1.4a0),2.555438721162769,openscm_runner (version: 0.12.1),1.311913409407043,1.217670479065666,1.637916754386959,1.817465236044309,C4: Below 2°C,C4,1.398992930828037,2.072080951389874,silicone (version: 1.3.0),1.137780878121237,1
MESSAGEix-GLOBIOM-GAINS 2.1-M-R12,SSP5 - High Emissions,1,4.501968386902825,2100.0,2100.0,0.37666666666666604,0.9883333333333331,0.876666666666666,3.753864968118253,2.915093368616647,2100.0,2100.0,2100.0,2100.0,0.17166666666666602,2100.0,3.449478014346238,1.0,5.010225610483603,2100.0,0.101666666666666,4.087542346538386,0.641666666666666,1.0,2100.0,3.104610517560656,2100.0,4.243528126994893,2100.0,2100.0,5.401871420608945,4.073633260490498,3.293679861683104,,2.77296263051544,5.010225610483603,aneris (version: 0.3.1),4.073633260490498,4.243528126994893,3.449478014346238,climate-assessment (version: 0.1.4a0),5.401871420608945,openscm_runner (version: 0.12.1),3.104610517560656,2.915093368616647,3.753864968118253,4.087542346538386,C7: Below 4.0°C,C7,3.293679861683104,4.501968386902825,silicone (version: 1.3.0),2.77296263051544,1
MESSAGEix-GLOBIOM-GAINS 2.1-M-R12,SSP5 - Low Overshoot,1,2.303985712888985,2058.0,2049.0,0.0,0.11000000000000001,0.013333333333333001,1.920936638420821,1.518424905039722,2070.0,2069.0,2061.0,2070.0,0.0,2059.0,1.769169088149588,0.91,2.52582458135814,2060.0,0.0,2.073321664606485,0.003333333333333,0.421666666666666,2059.0,1.612683797791172,2069.0,2.16407747783466,2059.0,2049.0,2.721140658363327,2.065380797393641,1.698628525423433,,1.431078577681738,2.426350052221271,aneris (version: 0.3.1),1.88321094396019,1.977542983910572,1.52738577887198,climate-assessment (version: 0.1.4a0),2.6498788161352,openscm_runner (version: 0.12.1),1.367050908286429,1.273896375119144,1.707990462145112,1.891434579103089,C4: Below 2°C,C4,1.457394752137664,2.150640055292253,silicone (version: 1.3.0),1.192076592124873,1
WITCH 6.0,SSP2 - Low Emissions,4,2.25639172213589,2049.0,2049.0,0.0,0.108333333333333,0.026666666666666002,1.836263366982961,1.41837868809047,2100.0,2093.0,2069.0,2094.0,0.0,2060.0,1.676725168557934,0.8399999999999991,2.51143876678591,2069.0,0.0,1.995183336050085,0.006666666666666,0.32833333333333303,2059.0,1.513783766060436,2070.0,2.10943985558263,2049.0,2048.0,2.753597699197523,1.991765178526629,1.595588915155629,,1.31995733261659,2.50787069374259,aneris (version: 0.3.1),1.921009161694406,2.065192009828512,1.541216498655656,climate-assessment (version: 0.1.4a0),2.740426738308042,openscm_runner (version: 0.12.1),1.339992823168425,1.229980770057454,1.7391355642329691,1.935902578868355,C3: Likely below 2°C,C3,1.445084629473615,2.224180851361174,silicone (version: 1.3.0),1.120163726658506,
WITCH 6.0,SSP2 - Low Overshoot,1,2.119190130645331,2048.0,2038.0,0.0,0.078333333333333,0.014999999999999002,1.7091112403867461,1.329192291589021,2100.0,2100.0,2094.0,2100.0,0.0,2049.0,1.566909209327328,0.7449999999999991,2.390744267200599,2094.0,0.0,1.87171279063547,0.003333333333333,0.23999999999999902,2049.0,1.415352413030201,2100.0,1.980875709793908,2049.0,2038.0,2.627079850776894,1.858703376350139,1.493866310323785,,1.240943785096382,2.390744267200599,aneris (version: 0.3.1),1.840758996180015,1.977515489579525,1.4756833581227211,climate-assessment (version: 0.1.4a0),2.627079850776894,openscm_runner (version: 0.12.1),1.287882100468136,1.179121494558361,1.662408151419539,1.855347247265868,C3: Likely below 2°C,C3,1.386233234412431,2.119190130645331,silicone (version: 1.3.0),1.069412184457382,
WITCH 6.0,SSP2 - Medium Emissions,4,3.770393325635327,2100.0,2100.0,0.13166666666666602,0.8299999999999991,0.545,3.101193764758642,2.325092434651494,2100.0,2100.0,2100.0,2100.0,0.056666666666666005,2100.0,2.814115054867595,1.0,4.174321702252331,2100.0,0.02,3.401605367614984,0.27,0.9799999999999991,2100.0,2.499161367247625,2100.0,3.54203612790831,2100.0,2100.0,4.541164769226099,3.385657155463727,2.690213164388871,,2.139849359169454,4.174321702252331,aneris (version: 0.3.1),3.385657155463727,3.54203612790831,2.814115054867595,climate-assessment (version: 0.1.4a0),4.541164769226099,openscm_runner (version: 0.12.1),2.499161367247625,2.325092434651494,3.101193764758642,3.401605367614984,C7: Below 4.0°C,C7,2.690213164388871,3.770393325635327,silicone (version: 1.3.0),2.139849359169454,
WITCH 6.0,SSP2 - Medium-Low Emissions,1,2.837766809551571,2071.0,2071.0,0.011666666666666001,0.34999999999999903,0.13,2.309868411979171,1.750187934485829,2100.0,2094.0,2082.0,2095.0,0.003333333333333,2081.0,2.093725518212992,0.9799999999999991,3.182473029368074,2082.0,0.0,2.532658982271375,0.05,0.75,2074.0,1.865016546375716,2093.0,2.648746225816417,2073.0,2070.0,3.484926585391639,2.512488908200836,2.000680657383211,,1.604730122400775,3.168311086616224,aneris (version: 0.3.1),2.465118812513829,2.617425918059256,2.003250928208418,climate-assessment (version: 0.1.4a0),3.484552586419114,openscm_runner (version: 0.12.1),1.737865849596454,1.610527568636012,2.231970370189753,2.476804083793915,C5: Below 2.5°C,C5,1.891633019204548,2.821747458831612,silicone (version: 1.3.0),1.479247271203457,
WITCH 6.0,SSP2 - Very Low Emissions,4,2.13196259399592,2048.0,2048.0,0.0,0.066666666666666,0.01,1.740995263310695,1.349281903260334,2094.0,2082.0,2069.0,2093.0,0.0,2059.0,1.600924940560269,0.7683333333333331,2.363590399775914,2069.0,0.0,1.888236917988076,0.0016666666666660002,0.24166666666666603,2049.0,1.442991120720384,2070.0,1.993937509987333,2049.0,2039.0,2.581002175698369,1.883256043589055,1.523517822772121,,1.264860733917559,2.324593536575092,aneris (version: 0.3.1),1.769991434223616,1.914079460137108,1.411420749755339,climate-assessment (version: 0.1.4a0),2.550603192061656,openscm_runner (version: 0.12.1),1.222735775556611,1.124137387937931,1.590176767498034,1.784786751960232,C3: Likely below 2°C,C3,1.319257804215109,2.04902209349276,silicone (version: 1.3.0),1.017092339994231,
WITCH 6.0,SSP3 - High Emissions,1,5.271913597359486,2100.0,2100.0,0.718333333333333,1.0,0.986666666666666,4.470616329554718,3.496070446714916,2100.0,2100.0,2100.0,2100.0,0.48333333333333306,2100.0,4.093430150720876,1.0,5.831051122973624,2100.0,0.25666666666666604,4.834349079280731,0.8983333333333331,1.0,2100.0,3.736041943001207,2100.0,5.019477391893843,2100.0,2100.0,6.24690038873986,4.818978400441935,3.934521950533143,,3.320357857968057,5.831051122973624,aneris (version: 0.3.1),4.818978400441935,5.019477391893843,4.093430150720876,climate-assessment (version: 0.1.4a0),6.24690038873986,openscm_runner (version: 0.12.1),3.736041943001207,3.496070446714916,4.470616329554718,4.834349079280731,C8: Above 4.0°C,C8,3.934521950533143,5.271913597359486,silicone (version: 1.3.0),3.320357857968057,
GCAM 7.1 scenarioMIP,SSP2 - Medium Emissions_a,1,,,,,,,,,,,,,,,,,,,,,,,,,,,,,,,,,,,,,,,,,,,,,,,,,,,,
MESSAGEix-GLOBIOM-GAINS 2.1-M-R12,SSP3 - High Emissions_a,2,3.643162859886157,2100.0,2100.0,0.1,0.8633333333333331,0.525,3.048426492765726,2.407569557372355,2100.0,2100.0,2100.0,2100.0,0.031666666666666,2100.0,2.800129178149143,1.0,3.994542490419121,2100.0,0.008333333333333,3.314129869744936,0.22666666666666602,0.996666666666666,2100.0,2.547458399210317,2100.0,3.433744605794221,2100.0,2100.0,4.331452374455922,3.291845161924304,2.697579549900396,,2.268588705740302,3.994542490419121,aneris (version: 0.3.1),3.291845161924304,3.433744605794221,2.800129178149143,climate-assessment (version: 0.1.4a0),4.331452374455922,openscm_runner (version: 0.12.1),2.547458399210317,2.407569557372355,3.048426492765726,3.314129869744936,C7: Below 4.0°C,C7,2.697579549900396,3.643162859886157,silicone (version: 1.3.0),2.268588705740302,True
MESSAGEix-GLOBIOM-GAINS 2.1-M-R12,SSP5 - High Emissions_a,2,4.146445494194447,2100.0,2100.0,0.22000000000000003,0.9749999999999991,0.785,3.455290015013912,2.767937141010536,2100.0,2100.0,2100.0,2100.0,0.101666666666666,2100.0,3.18110396234607,1.0,4.504719748554957,2100.0,0.04,3.742473354985917,0.476666666666666,1.0,2100.0,2.911196286404341,2100.0,3.9053258735243,2100.0,2100.0,4.908784077937895,3.728970713047165,3.048753684177068,,2.608998702490251,4.504719748554957,aneris (version: 0.3.1),3.728970713047165,3.9053258735243,3.18110396234607,climate-assessment (version: 0.1.4a0),4.908784077937895,openscm_runner (version: 0.12.1),2.911196286404341,2.767937141010536,3.455290015013912,3.742473354985917,C7: Below 4.0°C,C7,3.048753684177068,4.146445494194447,silicone (version: 1.3.0),2.608998702490251,True
GCAM 7.1 scenarioMIP,SSP1 - Low Overshoot,8,2.13150024342024,2049.0,2049.0,0.0,0.05500000000000001,0.005,1.784005725764522,1.409796368686722,2070.0,2062.0,2059.0,2069.0,0.0,2059.0,1.642699518559302,0.8216666666666661,2.33207427435861,2059.0,0.0,1.916274928198749,0.0,0.255,2050.0,1.489833916977082,2060.0,2.00180362851188,2049.0,2049.0,2.519262292073458,1.91122049409427,1.575528435042393,,1.326293661160043,2.082233156052572,aneris (version: 0.3.1),1.606921578437672,1.704494664175286,1.284301313021656,climate-assessment (version: 0.1.4a0),2.295924066334193,openscm_runner (version: 0.12.1),1.145768973421918,1.061455171411233,1.452164851902085,1.612998360692011,C2: Below 1.5°C with high OS,C2,1.222963664301139,1.867227523256312,silicone (version: 1.3.0),0.9912786398984241,
GCAM 7.1 scenarioMIP,SSP1 - Very Low Emissions,9,1.984331678836898,2048.0,2040.0,0.0,0.013333333333333001,0.0,1.671648746142837,1.328541792353647,2059.0,2050.0,2049.0,2050.0,0.0,2049.0,1.548091264943608,0.7333333333333331,2.161760259562762,2049.0,0.0,1.798180096065955,0.0,0.156666666666666,2048.0,1.40652335684545,2049.0,1.871070391138466,2048.0,2039.0,2.293211870999217,1.788529007879744,1.485435996954028,,1.250210912584369,1.850627514487386,aneris (version: 0.3.1),1.417209017944953,1.506937425198874,1.132465165893685,climate-assessment (version: 0.1.4a0),2.031585620672363,openscm_runner (version: 0.12.1),1.017892654092735,0.93630668458481,1.277587546461038,1.424917396072794,C2: Below 1.5°C with high OS,C2,1.074413680796038,1.649721776617179,silicone (version: 1.3.0),0.876164716663529,
GCAM 7.1 scenarioMIP,SSP2 - High Emissions,2,4.001198667517188,2100.0,2100.0,0.17,0.9466666666666661,0.716666666666666,3.341485200305387,2.621664848416588,2100.0,2100.0,2100.0,2100.0,0.08999999999999901,2100.0,3.082305747744675,1.0,4.424255370543307,2100.0,0.033333333333333,3.6300380355272,0.405,0.9983333333333331,2100.0,2.781465871260292,2100.0,3.775286902182022,2100.0,2100.0,4.788435525543993,3.608303140514426,2.934417154713619,,2.489019500913126,4.424255370543307,aneris (version: 0.3.1),3.608303140514426,3.775286902182022,3.082305747744675,climate-assessment (version: 0.1.4a0),4.788435525543993,openscm_runner (version: 0.12.1),2.781465871260292,2.621664848416588,3.341485200305387,3.6300380355272,C7: Below 4.0°C,C7,2.934417154713619,4.001198667517188,silicone (version: 1.3.0),2.489019500913126,
GCAM 7.1 scenarioMIP,SSP2 - Low Emissions,13,2.211360818943893,2059.0,2050.0,0.0,0.08333333333333301,0.01,1.834789182726489,1.439465363599081,2094.0,2070.0,2069.0,2093.0,0.0,2069.0,1.684084926073454,0.843333333333333,2.418948903902474,2069.0,0.0,1.98079967838147,0.0,0.313333333333333,2059.0,1.517601690360034,2070.0,2.071839454147231,2059.0,2049.0,2.648942038498268,1.972180679371928,1.610716542441483,,1.360615172852889,2.372954831866635,aneris (version: 0.3.1),1.898616420958876,2.000915021877812,1.549002401144967,climate-assessment (version: 0.1.4a0),2.605201866617619,openscm_runner (version: 0.12.1),1.388148248555282,1.294560751672205,1.724773265034742,1.907674507168994,C3: Likely below 2°C,C3,1.479725884890827,2.145886050115258,silicone (version: 1.3.0),1.219727533743468,
GCAM 7.1 scenarioMIP,SSP2 - Low Overshoot,13,2.226755239797661,2059.0,2058.0,0.0,0.08166666666666601,0.01,1.864347178411386,1.467617711314624,2070.0,2069.0,2061.0,2070.0,0.0,2060.0,1.716170838213155,0.8733333333333331,2.437878583418013,2061.0,0.0,2.004704955205014,0.0,0.336666666666666,2059.0,1.551104520524527,2069.0,2.096569180030638,2059.0,2050.0,2.610144335122555,1.998307477398715,1.639565490308239,,1.388799828149791,2.226345825607698,aneris (version: 0.3.1),1.761363929964647,1.861634570833271,1.431152628379364,climate-assessment (version: 0.1.4a0),2.428241423286896,openscm_runner (version: 0.12.1),1.274251964701387,1.183328825395415,1.597393055826733,1.772981880475622,C4: Below 2°C,C4,1.361221647240772,1.996431933668262,silicone (version: 1.3.0),1.112051949861472,
GCAM 7.1 scenarioMIP,SSP2 - Medium Emissions,13,3.548174679728644,2100.0,2100.0,0.08166666666666601,0.7916666666666661,0.45333333333333303,2.93860688744068,2.272972222250773,2100.0,2100.0,2100.0,2100.0,0.025,2100.0,2.679422651968856,1.0,3.92023764639614,2100.0,0.008333333333333,3.195739005105362,0.18499999999999903,0.9766666666666661,2100.0,2.419157853320012,2100.0,3.32753757333527,2100.0,2100.0,4.258744546656248,3.175144962088491,2.568129633675675,,2.134771441212333,3.92023764639614,aneris (version: 0.3.1),3.175144962088491,3.32753757333527,2.679422651968856,climate-assessment (version: 0.1.4a0),4.258744546656248,openscm_runner (version: 0.12.1),2.419157853320012,2.272972222250773,2.93860688744068,3.195739005105362,C6: Below 3.0°C,C6,2.568129633675675,3.548174679728644,silicone (version: 1.3.0),2.134771441212333,
GCAM 7.1 scenarioMIP,SSP2 - Medium-Low Emissions,13,2.778572637191103,2082.0,2082.0,0.006666666666666,0.308333333333333,0.11166666666666601,2.270458744025838,1.754076461635786,2100.0,2094.0,2093.0,2100.0,0.0,2093.0,2.076046697375173,0.986666666666666,3.057044201418494,2093.0,0.0,2.476889695805216,0.026666666666666002,0.726666666666666,2093.0,1.848678539854095,2094.0,2.58095358354266,2083.0,2081.0,3.339270734151996,2.466752359890176,1.975286946268618,,1.636023195761969,3.046696559975039,aneris (version: 0.3.1),2.444491528840821,2.558621205154944,2.036889391841432,climate-assessment (version: 0.1.4a0),3.324666856097624,openscm_runner (version: 0.12.1),1.809816498670343,1.7067440202815,2.251907257377752,2.456712026960704,C5: Below 2.5°C,C5,1.944758374650841,2.767543334607891,silicone (version: 1.3.0),1.593821651818938,
GCAM 7.1 scenarioMIP,SSP2 - Very Low Emissions,4,2.023852150597125,2048.0,2048.0,0.0,0.018333333333333,0.0016666666666660002,1.704418871402104,1.360220014884671,2069.0,2051.0,2050.0,2059.0,0.0,2049.0,1.583737614312836,0.766666666666666,2.200155197336515,2049.0,0.0,1.833109655022693,0.0,0.18499999999999903,2049.0,1.435560984509516,2050.0,1.912315750260928,2049.0,2048.0,2.353081234409814,1.828907270670766,1.518550565061727,,1.281819041209744,2.005729674460889,aneris (version: 0.3.1),1.585204072895491,1.676497277681398,1.285780102660226,climate-assessment (version: 0.1.4a0),2.177173759977653,openscm_runner (version: 0.12.1),1.155813259600555,1.068636589991124,1.436763566466985,1.594593752542059,C2: Below 1.5°C with high OS,C2,1.222108130144077,1.804762576326276,silicone (version: 1.3.0),1.002265447618057,
GCAM 7.1 scenarioMIP,SSP3 - High Emissions,11,3.7982886311479,2100.0,2100.0,0.13,0.9216666666666661,0.645,3.196986598201659,2.54644851622235,2100.0,2100.0,2100.0,2100.0,0.05166666666666601,2100.0,2.963176393090261,1.0,4.175332128988426,2100.0,0.014999999999999002,3.462715615761438,0.313333333333333,0.9983333333333331,2100.0,2.697483023444691,2100.0,3.601795710289383,2100.0,2100.0,4.508687268459652,3.441011108875787,2.825291727122544,,2.419296663105216,4.175332128988426,aneris (version: 0.3.1),3.441011108875787,3.601795710289383,2.963176393090261,climate-assessment (version: 0.1.4a0),4.508687268459652,openscm_runner (version: 0.12.1),2.697483023444691,2.54644851622235,3.196986598201659,3.462715615761438,C7: Below 4.0°C,C7,2.825291727122544,3.7982886311479,silicone (version: 1.3.0),2.419296663105216,
GCAM 7.1 scenarioMIP,SSP5 - High Emissions,8,4.442430230796935,2100.0,2100.0,0.34833333333333305,0.986666666666666,0.8649999999999991,3.702753825682163,2.898241335752171,2100.0,2100.0,2100.0,2100.0,0.156666666666666,2100.0,3.431618586508438,1.0,4.934993936931282,2100.0,0.086666666666666,4.035612004897845,0.611666666666666,1.0,2100.0,3.093793082571456,2100.0,4.194556479176947,2100.0,2100.0,5.293739322483106,4.007355487045916,3.249570744906777,,2.762293982237128,4.934993936931282,aneris (version: 0.3.1),4.007355487045916,4.194556479176947,3.431618586508438,climate-assessment (version: 0.1.4a0),5.293739322483106,openscm_runner (version: 0.12.1),3.093793082571456,2.898241335752171,3.702753825682163,4.035612004897845,C7: Below 4.0°C,C7,3.249570744906777,4.442430230796935,silicone (version: 1.3.0),2.762293982237128,
AIM 3.0,SSP1 - High Emissions,17,3.366498498618542,2100.0,2100.0,0.061666666666666,0.675,0.336666666666666,2.744866176317966,2.078606641077369,2100.0,2100.0,2100.0,2100.0,0.018333333333333,2100.0,2.505226311680574,1.0,3.748734461874021,2100.0,0.003333333333333,3.008917236840308,0.14,0.935,2100.0,2.210769080005472,2100.0,3.156830627159942,2100.0,2100.0,4.086687246862844,2.995701344544412,2.386495022369541,,1.945821766612277,3.748734461874021,aneris (version: 0.3.1),2.995701344544412,3.156830627159942,2.505226311680574,climate-assessment (version: 0.1.4a0),4.086687246862844,openscm_runner (version: 0.12.1),2.210769080005472,2.078606641077369,2.744866176317966,3.008917236840308,C6: Below 3.0°C,C6,2.386495022369541,3.366498498618542,silicone (version: 1.3.0),1.945821766612277,
AIM 3.0,SSP1 - Very Low Emissions,17,1.915433192528821,2036.0,2036.0,0.0,0.008333333333333,0.0,1.633450220600416,1.301799265512392,2048.0,2039.0,2038.0,2048.0,0.0,2038.0,1.51748026923294,0.688333333333333,2.049464475972754,2038.0,0.0,1.751601906048934,0.0,0.11833333333333301,2037.0,1.384263278672354,2039.0,1.826928666442604,2036.0,2035.0,2.187778288588455,1.746046314417758,1.464517548388716,,1.231124732485763,1.575734578196614,aneris (version: 0.3.1),1.179474752892972,1.267166294989656,0.9207342458531531,climate-assessment (version: 0.1.4a0),1.748166278884289,openscm_runner (version: 0.12.1),0.7976878493294791,0.7267899560445811,1.044931780791116,1.190456597582518,C2: Below 1.5°C with high OS,C2,0.861678909318196,1.386218362023716,silicone (version: 1.3.0),0.6687637634910261,
AIM 3.0,SSP2 - High Emissions,17,4.236424514829795,2100.0,2100.0,0.255,0.9716666666666661,0.808333333333333,3.528316264355952,2.775015490977263,2100.0,2100.0,2100.0,2100.0,0.126666666666666,2100.0,3.255873225383847,1.0,4.724011894498178,2100.0,0.053333333333333004,3.84729724607055,0.5183333333333331,1.0,2100.0,2.944814993873265,2100.0,4.005513697129761,2100.0,2100.0,5.04594204457515,3.826934466692029,3.102716290171263,,2.629632335723901,4.724011894498178,aneris (version: 0.3.1),3.826934466692029,4.005513697129761,3.255873225383847,climate-assessment (version: 0.1.4a0),5.04594204457515,openscm_runner (version: 0.12.1),2.944814993873265,2.775015490977263,3.528316264355952,3.84729724607055,C7: Below 4.0°C,C7,3.102716290171263,4.236424514829795,silicone (version: 1.3.0),2.629632335723901,
AIM 3.0,SSP2 - Low Emissions,17,2.043423530585847,2049.0,2048.0,0.0,0.033333333333333,0.003333333333333,1.699881771079865,1.35642717757416,2082.0,2072.0,2070.0,2081.0,0.0,2050.0,1.572969589441262,0.7633333333333331,2.233662544730495,2070.0,0.0,1.836516042335559,0.0,0.203333333333333,2049.0,1.434447725315862,2070.0,1.916685618803007,2049.0,2048.0,2.430591472668404,1.831827372232696,1.509438407712363,,1.2764049174523,2.165537118513397,aneris (version: 0.3.1),1.699997312907816,1.79561714962487,1.382649516134055,climate-assessment (version: 0.1.4a0),2.360480759783431,openscm_runner (version: 0.12.1),1.225547465444686,1.130672060632631,1.533922029258403,1.705747184396197,C3: Likely below 2°C,C3,1.303468098752621,1.955822484557603,silicone (version: 1.3.0),1.06470022455231,
AIM 3.0,SSP2 - Low Overshoot,17,1.886461421227656,2038.0,2037.0,0.0,0.008333333333333,0.0,1.60529381051085,1.303859973257571,2060.0,2049.0,2049.0,2059.0,0.0,2048.0,1.494161803108704,0.66,2.033100541744785,2049.0,0.0,1.731240009522053,0.0,0.116666666666666,2039.0,1.378601747317341,2049.0,1.789005880325233,2038.0,2036.0,2.186021069392102,1.717420986464418,1.44465451096601,,1.234269958873345,1.846353376432974,aneris (version: 0.3.1),1.436747778587059,1.543417768220944,1.170051968827654,climate-assessment (version: 0.1.4a0),2.010351762250759,openscm_runner (version: 0.12.1),1.048437311802119,0.9652028147969711,1.308279903185803,1.455220348298662,C1b: Below 1.5°C with low OS,C1b,1.10451935218777,1.655250178222879,silicone (version: 1.3.0),0.905603941008117,
AIM 3.0,SSP2 - Medium Emissions,17,4.236424514829795,2100.0,2100.0,0.255,0.9716666666666661,0.808333333333333,3.528316264355952,2.775015490977263,2100.0,2100.0,2100.0,2100.0,0.126666666666666,2100.0,3.255873225383847,1.0,4.724011894498178,2100.0,0.053333333333333004,3.84729724607055,0.5183333333333331,1.0,2100.0,2.944814993873265,2100.0,4.005513697129761,2100.0,2100.0,5.04594204457515,3.826934466692029,3.102716290171263,,2.629632335723901,4.724011894498178,aneris (version: 0.3.1),3.826934466692029,4.005513697129761,3.255873225383847,climate-assessment (version: 0.1.4a0),5.04594204457515,openscm_runner (version: 0.12.1),2.944814993873265,2.775015490977263,3.528316264355952,3.84729724607055,C7: Below 4.0°C,C7,3.102716290171263,4.236424514829795,silicone (version: 1.3.0),2.629632335723901,
AIM 3.0,SSP2 - Medium-Low Emissions,8,2.209277894139438,2057.0,2057.0,0.0,0.085,0.011666666666666001,1.833998628482752,1.446518358672411,2083.0,2081.0,2070.0,2082.0,0.0,2064.0,1.687317389592682,0.8549999999999991,2.42034044640191,2070.0,0.0,1.978047847311199,0.0,0.32166666666666605,2059.0,1.526752145380755,2071.0,2.076607830024113,2058.0,2056.0,2.63038054008117,1.975980573085774,1.6175895480508231,,1.350724862981846,2.36371627815645,aneris (version: 0.3.1),1.856177571418496,1.96518350856497,1.516004221798942,climate-assessment (version: 0.1.4a0),2.596500249309058,openscm_runner (version: 0.12.1),1.336119321495969,1.244101033085414,1.679307047289954,1.864600029671517,C3: Likely below 2°C,C3,1.436603271105248,2.137099714581971,silicone (version: 1.3.0),1.165493270289684,
AIM 3.0,SSP2 - Very Low Emissions,17,1.901728512080413,2038.0,2037.0,0.0,0.008333333333333,0.0,1.614722492278398,1.304055684342799,2060.0,2050.0,2049.0,2060.0,0.0,2048.0,1.49885802990828,0.663333333333333,2.052919959561641,2049.0,0.0,1.740238406390167,0.0,0.123333333333333,2048.0,1.382020476119647,2049.0,1.799618257364969,2038.0,2036.0,2.208407514039285,1.729468035667077,1.450525046258777,,1.234345714039454,1.870529752963276,aneris (version: 0.3.1),1.454535154033167,1.56351180513781,1.182359919969774,climate-assessment (version: 0.1.4a0),2.033432581482354,openscm_runner (version: 0.12.1),1.057413877696268,0.9742311238932291,1.319809831548651,1.469365975527467,C1b: Below 1.5°C with low OS,C1b,1.115785640354624,1.681150738973056,silicone (version: 1.3.0),0.9133853219235961,
AIM 3.0,SSP3 - High Emissions,17,4.02724387149481,2100.0,2100.0,0.17166666666666602,0.9649999999999991,0.7383333333333331,3.373399472245278,2.71267806456246,2100.0,2100.0,2100.0,2100.0,0.08333333333333301,2100.0,3.118572259080797,1.0,4.402027366408723,2100.0,0.025,3.643989368039346,0.41833333333333306,1.0,2100.0,2.85076178809788,2100.0,3.807739437391039,2100.0,2100.0,4.752561052047535,3.627452480659041,2.980340977171093,,2.548593698581319,4.402027366408723,aneris (version: 0.3.1),3.627452480659041,3.807739437391039,3.118572259080797,climate-assessment (version: 0.1.4a0),4.752561052047535,openscm_runner (version: 0.12.1),2.85076178809788,2.71267806456246,3.373399472245278,3.643989368039346,C7: Below 4.0°C,C7,2.980340977171093,4.02724387149481,silicone (version: 1.3.0),2.548593698581319,
AIM 3.0,SSP5 - High Emissions,17,4.770992409844932,2100.0,2100.0,0.498333333333333,0.9949999999999991,0.9366666666666661,3.997241376263804,3.115680983231845,2100.0,2100.0,2100.0,2100.0,0.25166666666666604,2100.0,3.666392603395865,1.0,5.329366547868842,2100.0,0.13166666666666602,4.349720962247926,0.7533333333333331,1.0,2100.0,3.326063839559624,2100.0,4.501492672447072,2100.0,2100.0,5.654227078944875,4.330909623439122,3.503945926385754,,2.967459995732153,5.329366547868842,aneris (version: 0.3.1),4.330909623439122,4.501492672447072,3.666392603395865,climate-assessment (version: 0.1.4a0),5.654227078944875,openscm_runner (version: 0.12.1),3.326063839559624,3.115680983231845,3.997241376263804,4.349720962247926,C7: Below 4.0°C,C7,3.503945926385754,4.770992409844932,silicone (version: 1.3.0),2.967459995732153,
